生日,性别,家庭关系,姓名,国籍,住址
2005-10-06,女,子女,张秀荣,中国,西藏自治区长沙市东丽刘路n座 478742
1958-12-11,女,本人,钟娟,中国,辽宁省梅县沙市哈尔滨街K座 746277
1984-10-29,女,兄弟姐妹,梅慧,中国,江苏省杨县清浦成都路u座 776930
1988-08-17,女,兄弟姐妹,柯霞,中国,香港特别行政区合山市沙市李街C座 777624
2001-09-16,女,兄弟姐妹,王霞,中国,西藏自治区玉兰县高明洪路n座 904931
1945-02-16,女,配偶,周丽,中国,海南省太原市清河龚路F座 991560
1950-12-18,男,配偶,李涛,中国,河北省玉英县东丽兴安盟路i座 324312
2001-11-04,男,配偶,孙艳,中国,北京市济南县锡山南昌路t座 392539
1983-02-19,男,子女,王芳,中国,山西省琳县梁平兴城路Q座 289161
1994-11-29,男,本人,芦静,中国,山东省冬梅市龙潭西宁街p座 557675
1966-03-22,女,父母,张红霞,中国,香港特别行政区西安市大兴重庆路w座 754061
1968-12-04,女,本人,雷秀兰,中国,贵州省上海县友好南宁路K座 797126
1957-10-13,男,配偶,萧冬梅,中国,福建省文县西峰成都路j座 667780
1992-11-27,男,本人,张帅,中国,重庆市莹县门头沟巢湖路U座 646546
1970-06-04,男,子女,黄金凤,中国,北京市海门县西峰南昌街y座 433388
1977-01-04,男,兄弟姐妹,杨丽华,中国,四川省淮安县兴山王路V座 711459
1962-11-10,男,配偶,朱龙,中国,福建省洋县黄浦东莞街a座 891980
1960-01-15,男,兄弟姐妹,高丹,中国,福建省霞市西峰李街Q座 751549
1979-04-10,女,子女,陈璐,中国,青海省佛山县滨城邵路F座 293719
1947-03-06,女,子女,唐林,中国,上海市淑华县安次西宁路n座 384111
1952-03-17,女,兄弟姐妹,阳欢,中国,安徽省巢湖县门头沟曹路E座 871024
1985-09-30,女,兄弟姐妹,刘英,中国,新疆维吾尔自治区郑州县清城汤路P座 835357
1982-04-06,女,配偶,苏慧,中国,澳门特别行政区银川市合川何街a座 705793
2004-05-28,女,本人,郭鑫,中国,贵州省上海市永川六盘水路l座 429249
1978-10-24,女,父母,张秀英,中国,四川省淑英县闵行淮安路N座 942607
1976-03-18,男,兄弟姐妹,刘丽丽,中国,辽宁省秀华市梁平冯路w座 866769
1991-11-27,男,子女,黄林,中国,陕西省关岭市徐汇拉萨街I座 376114
1981-06-17,女,配偶,陈佳,中国,内蒙古自治区英市南湖昆明街M座 767775
1949-03-26,男,配偶,陈玉珍,中国,广西壮族自治区淮安市翔安哈尔滨路f座 581364
2005-07-14,男,子女,邹璐,中国,青海省欣市华龙潜江街P座 408448
1946-10-09,男,配偶,贺健,中国,贵州省成都市长寿梧州路K座 179144
1967-05-23,男,父母,梁桂珍,中国,澳门特别行政区东莞市沙市张路B座 427817
1996-09-27,男,配偶,常军,中国,四川省丹丹市安次贵阳路p座 525448
1973-07-09,女,父母,李婷婷,中国,江苏省桂英县东丽钟街Q座 814888
1967-12-23,男,兄弟姐妹,甘春梅,中国,新疆维吾尔自治区娜县沈河贵阳路O座 841826
1972-08-24,男,配偶,陈娟,中国,海南省华县城东陈街o座 548075
1971-09-28,女,子女,金莉,中国,贵州省红市六枝特荆门街U座 610554
1994-05-31,男,子女,尹凤兰,中国,香港特别行政区南宁市丰都郭街w座 636986
2006-05-20,男,兄弟姐妹,田瑜,中国,广东省雪梅县西峰南昌路U座 862795
1950-06-20,女,父母,张小红,中国,天津市沈阳县南长武汉街k座 932041
1956-05-31,男,本人,范刚,中国,吉林省晨县城北宋街m座 334226
1956-08-26,男,兄弟姐妹,管洋,中国,上海市萍县新城荆门路n座 984465
1957-07-03,女,子女,张俊,中国,新疆维吾尔自治区合肥县普陀闵街D座 234144
1993-11-25,女,子女,张明,中国,陕西省银川县牧野谢路B座 909366
1955-09-08,男,本人,王文,中国,贵州省宜都市新城太原街v座 717609
1949-08-30,男,配偶,亢亮,中国,吉林省太原县花溪齐齐哈尔街C座 626707
2004-07-30,男,本人,李红霞,中国,甘肃省齐齐哈尔县西峰余路S座 672985
2004-08-12,男,子女,缪淑英,中国,上海市辽阳市朝阳连街l座 959404
1994-03-04,女,兄弟姐妹,沈淑华,中国,浙江省重庆县高港嘉禾街W座 957868
1998-11-21,女,父母,冯秀荣,中国,重庆市梧州市海港李路S座 872378
1993-04-05,女,兄弟姐妹,甄建平,中国,黑龙江省明市海陵洪街R座 867555
1979-01-19,男,父母,邱海燕,中国,吉林省柳县友好龚街n座 424639
1957-03-23,女,兄弟姐妹,李瑜,中国,安徽省阜新县高坪张街C座 171383
1974-07-20,男,配偶,刘成,中国,澳门特别行政区宜都市秀英贵阳街q座 813002
1963-10-22,女,配偶,张婷,中国,新疆维吾尔自治区建军市高明合肥路c座 270834
1983-03-29,男,配偶,马英,中国,贵州省桂芳市淄川戚街m座 446577
